,Supplier_Lead_Time,Inventory_Levels,Order_Frequency,Delivery_Performance,Cost_Per_Unit
Supplier_Lead_Time,1.0,0.32419119236898436,-0.8871838916188088,-0.915084733978565,0.9670891472889928
Inventory_Levels,0.32419119236898436,1.0,-0.18336477495705342,-0.28988105209908355,0.3177671150802151
Order_Frequency,-0.8871838916188088,-0.18336477495705342,1.0,0.8386132660401027,-0.8635111005558334
Delivery_Performance,-0.915084733978565,-0.28988105209908355,0.8386132660401027,1.0,-0.9097301929699247
Cost_Per_Unit,0.9670891472889928,0.3177671150802151,-0.8635111005558334,-0.9097301929699247,1.0
